Rank,ticker,Symbol,Market Cap,Price,Circulating Supply,Volume (24h),% 1h,% 24h,% 7D,date,Price_return,MC_return,past_return,past_MC_return,days_to_next,days_from_prev,illiq_7d,log_illiq_7d,mom_1w,mom_2w,mom_3w,mom_4w,mom_1d,mom_2d,mom_3d,mom_4d,mom_5d,mom_6d,mom_7d,mom_8d,mom_9d,mom_10d,mom_11d,mom_12d,mom_13d,mom_14d,mom_15d,mom_16d,mom_17d,mom_18d,mom_19d,mom_20d,mom_2w1,mom_3w1,stale_days,ticker_map,Tradeable,qty_adjust,live_symbol,rank_snapshot_date,rank_signal_mode,rank_signal_lag_bars,leader_top_frac,available_4h_close,current_rank,signal_rank,pseudo_rank_current_bar,pseudo_mcap_4h,prev_daily_rank,mom_7_bar,mom_7_bar_cs_rank,mom_7_bar_pct_score,mom_7_bar_top,mom_14_bar,mom_14_bar_cs_rank,mom_14_bar_pct_score,mom_14_bar_top,rank_improve_42_bar,rank_improve_42_bar_cs_rank,rank_improve_42_bar_pct_score,rank_improve_42_bar_top,rank_improve_84_bar,rank_improve_84_bar_cs_rank,rank_improve_84_bar_pct_score,rank_improve_84_bar_top,leader_score,leader_pass_count,momentum_leader_pass,rank_leader_pass,leader,is_leader
89,Starknet,STRK,540165007.85,0.07278,7421949506.0,413065211.42,0.0273,0.3107,0.6931999999999999,2026-10-10 12:00:00,0.0,,0.3106428957320366,0.3107305319323235,,1.0,8.206150366745873e-10,8.206150363378828e-10,0.6933457422056772,0.76865127582017,0.647351742870077,1.5483193277310927,0.3106428957320366,0.481979230299328,0.409645554909936,0.3758034026465029,0.2415557830092121,0.3317474839890211,0.6933457422056772,0.739899593593115,0.6898072904573951,0.7403156384505023,0.73865265169613,0.7287410926365798,0.7952639368524914,0.76865127582017,0.8613810741687979,0.8992693110647185,0.7173194903256253,0.6627827278958189,0.500309214594929,0.6303763440860215,0.0753055336144927,-0.0459939993356002,0,STRKUSDT,1.0,1.0,STRKUSDT,2026-10-09,pseudo_intraday_market_cap,1,0.3,True,89.0,62.0,53.0,691127185.1773791,89.0,0.2923928077455047,1.0,1.0,True,0.9022801302931596,1.0,1.0,True,0.064516129032258,11.0,0.8484848484848485,True,0.064516129032258,10.0,0.8636363636363636,True,0.9280303030303032,4,True,True,True,True
76,Stacks,STX,717717571.35,0.3955,1814605788.0,33643601.28,0.0146,0.0366999999999999,0.0773,2026-10-10 12:00:00,0.0,,0.036697247706422,0.036746722397158,,1.0,8.083000165658654e-10,8.083000162391911e-10,0.0773631163170798,0.2135624424670146,0.3926056338028174,0.5657165479018214,0.036697247706422,0.0683414370610482,0.0288761706555671,0.0427102557342471,0.0161870503597123,0.0283411336453458,0.0773631163170798,0.0572039561614541,0.0660377358490567,0.2488159141143038,0.2603569152326324,0.1663226186965498,0.1533974919801695,0.2135624424670146,0.26075868664329,0.2853428664283397,0.1823617339312409,0.1601642710472282,0.1813022700119477,0.2551570929863538,0.1361993261499348,0.3152425174857376,0,STXUSDT,1.0,1.0,STXUSDT,2026-10-09,pseudo_intraday_market_cap,1,0.3,True,76.0,51.0,49.0,739681108.561267,76.0,0.0334770479330459,18.0,0.7424242424242424,True,0.0927862697774202,7.0,0.9090909090909092,True,0.0784313725490195,7.0,0.9090909090909092,True,0.0588235294117647,12.0,0.8333333333333334,True,0.8484848484848485,4,True,True,True,True
78,Stable,STABLE,701353049.88,0.02591,27067845679.0,12943940.67,0.0112,-0.0044,-0.072,2026-10-10 12:00:00,0.0,,-0.0042275172943889,-0.0032770945120068,,1.0,2.7507724660147204e-09,2.750772462231346e-09,-0.0719914040114613,-0.0174440652256352,0.0376451742090508,-0.050915750915751,-0.0042275172943889,-0.0306771417882528,-0.073319027181688,-0.0533430763609791,-0.0281320330082521,-0.0350093109869645,-0.0719914040114613,-0.0876760563380283,-0.0632682574114245,-0.0959525471039777,-0.1102335164835165,-0.0578181818181819,-0.0581606688476918,-0.0174440652256352,-0.0222641509433961,-0.0215256797583081,0.0485633346823148,0.0261386138613859,0.0584150326797385,0.0426559356136819,0.054547338785826,0.1096365782205122,0,STABLEUSDT,1.0,1.0,STABLEUSDT,2026-10-09,pseudo_intraday_market_cap,1,0.3,True,78.0,49.0,50.0,732986938.4058133,78.0,0.0766481334392374,6.0,0.9242424242424242,True,0.033155487804878,16.0,0.7727272727272727,True,0.0612244897959184,13.0,0.8181818181818182,True,0.0408163265306122,18.0,0.7424242424242424,True,0.8143939393939394,4,True,True,True,True
75,Midnight,NIGHT,749707121.58,0.04514,16607399401.0,19410479.04,-0.0016,0.0121,-0.0791999999999999,2026-10-10 12:00:00,0.0,,0.0121076233183856,0.012102299079046,,1.0,1.926722337340041e-09,1.9267223354839113e-09,-0.07933918009382,0.804156674660272,0.8879130071099954,1.156712852365026,0.0121076233183856,-0.0152705061082023,-0.1016915422885572,-0.1337555171752061,0.018272050530115,-0.0572263993316624,-0.07933918009382,0.1758270382912217,0.151530612244898,0.3983890954151177,0.5706332637439111,0.6632277081798086,0.7571039314908528,0.804156674660272,0.8492421138877511,0.958351409978308,0.869151138716356,0.8553226469379367,0.8950461796809401,0.8135797509039775,0.883495854754092,0.9672521872038156,0,NIGHTUSDT,1.0,1.0,NIGHTUSDT,2026-10-09,pseudo_intraday_market_cap,1,0.3,True,75.0,46.0,47.0,803886798.2891734,75.0,0.0722677898470407,7.0,0.9090909090909092,True,0.0684780207643032,10.0,0.8636363636363636,True,0.0,19.0,0.7272727272727273,False,0.3913043478260869,2.0,0.9848484848484848,True,0.8712121212121212,3,True,False,False,False
17,NEAR Protocol,NEAR,6398288146.14,4.8896,1308552126.0,1067078806.43,-0.0081999999999999,0.0965,0.0416,2026-10-10 12:00:00,0.0,,0.0964703771807866,0.096563955266673,,1.0,4.735499744781466e-11,4.735499744669341e-11,0.0416480262457126,-0.0119624959586163,0.3000797660196757,1.066173674202409,0.0964703771807866,-0.0852011225444341,-0.0353915959755376,-0.0684701847971042,-0.0047426163772925,0.0173949230129002,0.0416480262457126,0.0173737541873866,-0.0837783649071526,0.0004706074928895,0.0145029773637361,-0.0902900519079427,-0.0267903347796665,-0.0119624959586163,0.0627716918796732,0.1305433526011559,0.1115506149264589,0.1440336920917173,0.1742273240316034,0.3630306916065009,-0.0536105222043289,0.258431739773963,0,NEARUSDT,1.0,1.0,NEARUSDT,2026-10-09,pseudo_intraday_market_cap,1,0.3,True,17.0,11.0,11.0,7028551631.352645,17.0,0.1005334427574886,4.0,0.9545454545454546,True,-0.0026031982149498,32.0,0.5303030303030303,False,0.1818181818181818,2.0,0.9848484848484848,True,0.1818181818181818,4.0,0.9545454545454546,True,0.8560606060606061,3,False,True,False,False
71,Aerodrome Finance,AERO,804284350.62,0.8006,1004653455.0,55364364.04,-0.003,-0.0366,0.0115,2026-10-10 12:00:00,0.0,,-0.0365824308062574,-0.0366457107531131,,1.0,5.631676967167113e-10,5.631676965581324e-10,0.0114971572962727,-0.0608797653958945,0.2501561524047466,0.4075246132208154,-0.0365824308062574,0.0079315120231651,-0.0055893677804,-0.0536643026004727,-0.0885701275045537,-0.0561188398962507,0.0114971572962727,0.0132894570307553,-0.0266261398176294,-0.011726947290458,-0.0265077821011674,-0.0476983466159154,-0.0770117592806086,-0.0608797653958945,0.1522740356937248,0.2068133855893879,0.1714954638571844,0.1456783056668573,0.2163476147067757,0.2143182162900041,-0.0723769226921673,0.2386589951084738,0,AEROUSDT,1.0,1.0,AEROUSDT,2026-10-09,pseudo_intraday_market_cap,1,0.3,True,71.0,45.0,45.0,920993113.0317088,71.0,0.1269235504124091,2.0,0.9848484848484848,True,0.1826873385012919,3.0,0.9696969696969696,True,0.0666666666666666,10.0,0.8636363636363636,True,-0.0222222222222222,41.0,0.3939393939393939,False,0.8030303030303031,3,True,False,False,False
70,Filecoin,FIL,904308644.47,1.0834,834687687.0,111903152.35,-0.0037,0.0139999999999999,0.0475999999999999,2026-10-10 12:00:00,0.0,,0.0139447824052409,0.0140836340201984,,1.0,2.646962986894844e-10,2.6469629865445237e-10,0.0475730032875651,0.0338772783662562,0.1488865323435844,0.3794244970715561,0.0139447824052409,0.0289676132586191,-0.0610157739642918,-0.0850434929482306,0.023620559334845,0.0155605549306336,0.0475730032875651,0.0621568627450979,0.0396315132904709,0.0238140238140236,0.0201506591337099,-0.0494823653272503,-0.0466385075677578,0.0338772783662562,0.0939014539579969,0.1583449160697103,0.0398310778385639,0.0997868236727237,0.1494960212201592,0.1264296111457683,-0.0136957249213089,0.1013135290560192,0,FILUSDT,1.0,1.0,FILUSDT,2026-10-09,pseudo_intraday_market_cap,1,0.3,True,70.0,44.0,44.0,941285636.3012912,70.0,0.0452312540550561,15.0,0.7878787878787878,True,0.0684036001894834,11.0,0.8484848484848485,True,0.0,19.0,0.7272727272727273,False,0.0227272727272727,20.0,0.7121212121212122,True,0.7689393939393938,3,True,False,False,False
99,Kaia,KAIA,387634284.43,0.06019,6440284735.0,318697196.56,0.0329,0.626,0.6624,2026-10-10 12:00:00,0.0,,0.6258779038357645,0.6262326614455158,,1.0,4.040359593107288e-09,4.0403595849450355e-09,0.6622479977906657,0.7300948548433455,1.0143908969210176,1.059890485968515,0.6258779038357645,0.5744179963379543,0.5168850806451613,0.48837784371909,0.6033564198188599,0.608068394336094,0.6622479977906657,0.6378231292517007,0.7431219229655373,0.7802425317953263,0.7760401298318083,0.68978102189781,0.6864667974222469,0.7300948548433455,0.7897710377639009,0.8389856400855478,0.8250454821103694,0.8406727828746177,0.9871244635193132,0.9923866269447204,0.0678468570526797,0.3521428991303519,0,KAIAUSDT,1.0,1.0,KAIAUSDT,2026-10-09,pseudo_intraday_market_cap,1,0.3,True,99.0,67.0,67.0,364725072.1869913,99.0,0.0252469813391877,26.0,0.6212121212121212,False,0.4766798418972333,2.0,0.9848484848484848,True,0.0,19.0,0.7272727272727273,False,0.0,21.0,0.696969696969697,False,0.7575757575757576,1,False,False,False,False
43,Polkadot,DOT,2111780777.87,1.2374,1706635224.0,249503515.51,0.008,0.1352,0.0713999999999999,2026-10-10 12:00:00,0.0,,0.1351252178699202,0.135256243707694,,1.0,1.8073751471719122e-10,1.8073751470085818e-10,0.0714347562559531,0.0212941564872899,0.0908930618002292,0.1898076923076928,0.1351252178699202,0.1068968601842743,0.0299650407857501,0.0052806889268015,0.0265472042475529,0.0443956785955437,0.0714347562559531,0.0513169073916739,0.0129338572364114,0.0376519916142561,0.0481999152901315,-0.0265124695145931,-0.0044251347654674,0.0212941564872899,0.0709710922624202,0.1247045991637885,0.017264057875699,0.025781314764155,0.0903163274297296,0.1017718813996975,-0.0501405997686632,0.019458305544276,0,DOTUSDT,1.0,1.0,DOTUSDT,2026-10-09,pseudo_intraday_market_cap,1,0.3,True,43.0,27.0,27.0,2147834321.371138,43.0,0.0672440142638817,9.0,0.8787878787878788,True,0.1463748290013677,5.0,0.9393939393939394,True,0.0740740740740741,8.0,0.8939393939393939,True,-0.037037037037037,47.0,0.303030303030303,False,0.7537878787878789,3,True,False,False,False
62,Cosmos,ATOM,1104409683.29,2.065,534824570.0,211465431.66,0.0005,0.1724,0.2502,2026-10-10 12:00:00,0.0,,0.1723628931531735,0.172775382090851,,1.0,7.088285367679662e-10,7.088285365167472e-10,0.2502270388085004,0.153760196670019,0.2014894978763022,0.2578424803557293,0.1723628931531735,0.1975874267818826,0.1584852734922861,0.1405059096432122,0.1792587516418251,0.2012798138452589,0.2502270388085004,0.2086625695054142,0.1858955952449319,0.1990477296481247,0.1904761904761907,0.0940977005404262,0.1057563587684071,0.153760196670019,0.1578357162881976,0.2184328534340338,0.1208206686930093,0.1410731060396752,0.1689782054910842,0.1830421082784306,-0.0964668421384813,-0.0487375409321981,0,ATOMUSDT,1.0,1.0,ATOMUSDT,2026-10-09,pseudo_intraday_market_cap,1,0.3,True,62.0,42.0,42.0,1053576873.2548498,62.0,0.0196789228379077,29.0,0.5757575757575758,False,0.1136877828054299,6.0,0.9242424242424242,True,0.0238095238095237,17.0,0.7575757575757576,True,0.0238095238095237,19.0,0.7272727272727273,True,0.7462121212121213,3,False,True,False,False
14,Cardano,ADA,8938696116.73,0.2429,36797328639.0,438630040.24,0.0062,0.0473,-0.006,2026-10-10 12:00:00,0.0,,0.047434238896076,0.047303275963632,,1.0,4.5594786881091286e-11,4.559478688005185e-11,-0.0061374795417349,-0.0603481624758219,0.0819599109131408,0.1779825412221152,0.047434238896076,-0.0489428347689897,-0.0919626168224299,-0.1020332717190387,-0.0628858024691357,-0.0053235053235053,-0.0061374795417349,-0.0138043036946812,-0.0150040551500405,-0.0057306590257877,-0.0169971671388099,-0.0493150684931505,-0.0448289421942587,-0.0603481624758219,-0.020564516129032,0.0193033990767941,-0.0440771349862255,-0.0077614379084963,0.0653508771929829,0.0662862159789292,-0.054210682934087,0.0880973904548757,0,ADAUSDT,1.0,1.0,ADAUSDT,2026-10-09,pseudo_intraday_market_cap,1,0.3,True,14.0,10.0,10.0,9369254966.321358,14.0,0.0626043405676126,10.0,0.8636363636363636,True,0.0111199364575058,23.0,0.6666666666666666,False,0.0,19.0,0.7272727272727273,False,0.0,21.0,0.696969696969697,False,0.7386363636363638,1,False,False,False,False
44,Worldcoin,WLD,1930247692.13,0.5072,3805911123.0,210199194.31,0.0,0.0571,-0.0892999999999999,2026-10-10 12:00:00,0.0,,0.0571071279699875,0.0576868902606393,,1.0,1.4501815918458774e-10,1.450181591740726e-10,-0.089244029448734,0.0269285280421138,0.1945360339142725,0.268951713785339,0.0571071279699875,-0.027980068991951,-0.0803263825929284,-0.1186794092093832,-0.1310604762720575,-0.1515557042489127,-0.089244029448734,0.0015797788309637,-0.0505428678397602,0.0509738914214672,0.034046890927625,-0.071062271062271,-0.0309514711501718,0.0269285280421138,0.1529893157535804,0.2474176094441713,0.0780021253985125,0.1081494428665068,0.164103741106266,0.175707000463607,0.1161725574908478,0.2837800633630065,0,WLDUSDT,1.0,1.0,WLDUSDT,2026-10-09,pseudo_intraday_market_cap,1,0.3,True,44.0,28.0,28.0,2127421485.1734512,44.0,0.125453080950463,3.0,0.9696969696969696,True,0.0668066424890245,12.0,0.8333333333333334,True,-0.0357142857142857,52.0,0.2272727272727272,False,0.1071428571428572,6.0,0.9242424242424242,True,0.7386363636363636,3,True,False,False,False
98,Immutable,IMX,399458755.96,0.1997,2000000000.0,20915174.11,0.0068,0.0924,0.1201,2026-10-10 12:00:00,0.0,,0.0924507658643325,0.0923677662897006,,1.0,2.113032679113929e-09,2.113032676881476e-09,0.1200224340998317,0.2388337468982628,0.5186311787072244,0.6504132231404955,0.0924507658643325,0.1404911479154766,0.0460974332111052,0.0639318060735214,0.0812127774769897,0.0870985302123026,0.1200224340998317,0.173325499412456,0.1979604079184163,0.2110369921164341,0.1424485125858121,0.0422755741127349,0.2066465256797582,0.2388337468982628,0.3146807109940748,0.3734525447042638,0.292556634304207,0.3242705570291777,0.4254104211277658,0.3965034965034966,0.1188113127984311,0.3986087446073927,0,IMXUSDT,1.0,1.0,IMXUSDT,2026-10-09,pseudo_intraday_market_cap,1,0.3,True,98.0,66.0,66.0,404454488.2756578,98.0,0.0922827846735023,5.0,0.9393939393939394,True,0.1665706051873199,4.0,0.9545454545454546,True,-0.0151515151515151,38.0,0.4393939393939394,False,-0.0151515151515151,36.0,0.4696969696969697,False,0.7007575757575758,2,True,False,False,False
30,Bittensor,TAO,3191544196.07,275.09,11601694.0,162563414.37,0.0016,0.0253,-0.0593,2026-10-10 12:00:00,0.0,,0.0253074916138649,0.0255941087929927,,1.0,1.3177707379855176e-10,1.3177707378986915e-10,-0.0592640722248821,-0.1348282802868285,0.1028745539830813,0.1678128714552555,0.0253074916138649,-0.0559387762105769,-0.108673816544082,-0.0988633013397977,-0.0963471519611065,-0.1028016046443366,-0.0592640722248821,-0.0927410045842815,-0.0854416702682936,-0.0837968359700251,-0.1074012784321362,-0.1411757360057446,-0.1435020860576625,-0.1348282802868285,-0.0715201836100986,-0.0417319817466124,-0.1251152879814268,-0.1257269982520259,0.0503226299110382,0.0435491825044573,-0.0755642080619464,0.1621386262079635,0,TAOUSDT,1.0,1.0,TAOUSDT,2026-10-09,pseudo_intraday_market_cap,1,0.3,True,30.0,20.0,20.0,3298815187.9280143,30.0,0.0301261600928073,22.0,0.6818181818181818,False,0.0014096916299559,27.0,0.6060606060606061,False,0.0,19.0,0.7272727272727273,False,0.0,21.0,0.696969696969697,False,0.678030303030303,0,False,False,False,False
20,Canton,CC,4888449138.39,0.1228,39807796733.0,34532454.93,0.005,0.0366,0.0217,2026-10-10 12:00:00,0.0,,0.0362869198312236,0.0367332285563846,,1.0,1.5356272809463532e-09,1.5356272797672776e-09,0.0216306156405987,-0.0517374517374518,0.1053105310531052,0.2603920763625165,0.0362869198312236,0.0267558528428093,-0.0345911949685535,-0.0300157977883095,-0.0495356037151702,-0.0112721417069243,0.0216306156405987,0.0233333333333332,-0.0269413629160064,-0.0056680161943321,-0.0618792971734148,-0.1023391812865498,-0.0950626381724392,-0.0517374517374518,0.0800351802990326,0.1163636363636364,0.0687554395126197,0.0362869198312236,0.1255728689275894,0.1214611872146118,-0.0733680673780505,0.0836799154125065,0,CCUSDT,1.0,1.0,CCUSDT,2026-10-09,pseudo_intraday_market_cap,1,0.3,True,20.0,15.0,15.0,4811334230.856444,20.0,-0.0405073325406263,64.0,0.0454545454545454,False,0.0246338779310928,18.0,0.7424242424242424,True,0.1999999999999999,1.0,1.0,True,0.0666666666666666,9.0,0.8787878787878788,True,0.6666666666666666,3,False,True,False,False
13,Chainlink,LINK,9580820806.04,12.81,748099970.0,216979296.28,-0.001,0.0087,-0.0718,2026-10-10 12:00:00,0.0,,0.0086614173228347,0.0087459766551178,,1.0,7.972654872404584e-11,7.972654872086767e-11,-0.0717391304347828,-0.0797413793103448,0.0474243663123465,0.1100519930675909,0.0086614173228347,-0.0390097524381095,-0.082378223495702,-0.0757575757575758,-0.102312543798178,-0.0927762039660057,-0.0717391304347828,-0.1091794158553548,-0.1079387186629526,-0.1226027397260274,-0.1703367875647669,-0.0876068376068376,-0.0946996466431097,-0.0797413793103448,-0.0302800908402726,0.037246963562753,-0.0168841135840368,-0.0243716679360245,0.0239808153477216,0.0305711987127914,-0.008002248875562,0.1191634967471294,0,LINKUSDT,1.0,1.0,LINKUSDT,2026-10-09,pseudo_intraday_market_cap,1,0.3,True,13.0,9.0,9.0,9824775159.142324,13.0,0.0168060718711275,32.0,0.5303030303030303,False,0.0038996788499769,25.0,0.6363636363636364,False,0.0,19.0,0.7272727272727273,False,0.0,21.0,0.696969696969697,False,0.6477272727272727,0,False,False,False,False
48,World Liberty Financial,WLFI,1811788596.26,0.05701,31778344460.0,66940154.92,-0.0001,0.0432,0.03,2026-10-10 12:00:00,0.0,,0.0431838975297347,0.0432012345789893,,1.0,2.2142258646881059e-10,2.2142258644429662e-10,0.0298049132947977,-0.004192139737991,-0.0334011529331974,0.0307358524679084,0.0431838975297347,0.0331641899238854,0.0136913229018493,0.0356039963669392,0.034288824383164,0.0357921511627907,0.0298049132947977,0.0205871822413177,0.0348520602650208,0.0092051690564702,0.0005265005265004,-0.0272990957174542,-0.0258031442241966,-0.004192139737991,0.00974140984768,0.0508755760368666,-0.0244695414099928,-0.0047136871508376,-0.0189296162450522,-0.0244695414099929,-0.0339970530327887,-0.0632060662279951,0,WLFIUSDT,1.0,1.0,WLFIUSDT,2026-10-09,pseudo_intraday_market_cap,1,0.3,True,48.0,31.0,31.0,1809565932.3669367,48.0,0.0532249122158565,11.0,0.8484848484848485,True,0.031679942070963,17.0,0.7575757575757576,True,0.064516129032258,11.0,0.8484848484848485,True,-0.0967741935483871,61.0,0.0909090909090909,False,0.6363636363636364,3,True,False,False,False
97,Celestia,TIA,434804737.37,0.4726,919932997.0,82554970.16,-0.0016,-0.0554,0.0567999999999999,2026-10-10 12:00:00,0.0,,-0.0555555555555554,-0.0554378570932367,,1.0,5.516963498660471e-10,5.516963497138628e-10,0.0567978533094815,-0.0448666127728375,0.162607626076261,0.3369165487977377,-0.0555555555555554,0.0025456088247772,-0.0343277482631794,-0.012123745819398,-0.0137729549248747,-0.0008456659619449,0.0567978533094815,0.1026598226784882,0.0694727313871916,0.0733590733590734,0.0537346711259756,-0.0755086071987478,-0.0413793103448274,-0.0448666127728375,-0.0323505323505322,0.0267217032370195,-0.0837533927879021,0.0794883508451349,0.1284622731614135,0.1214997626957761,-0.101664466082319,0.1058097727667795,0,TIAUSDT,1.0,1.0,TIAUSDT,2026-10-09,pseudo_intraday_market_cap,1,0.3,True,97.0,65.0,65.0,471973826.21838766,97.0,0.068304872969596,8.0,0.8939393939393939,True,0.0777310924369749,9.0,0.8787878787878788,True,-0.0153846153846153,39.0,0.4242424242424242,False,-0.0307692307692307,44.0,0.3484848484848485,False,0.6363636363636364,2,True,False,False,False
84,Raydium,RAY,617171902.7,2.287,269863589.0,77267998.8,-0.0007,-0.0124,0.1828999999999999,2026-10-10 12:00:00,0.0,,-0.0123936606641621,-0.0123928240635691,,1.0,6.028331029579747e-10,6.02833102776271e-10,0.1828902451639598,0.1057390127157569,0.3004662799954509,0.368150275185451,-0.0123936606641621,-0.0738265905317298,0.0422458187121175,0.028419821926432,0.0831162680558843,0.0955163824487448,0.1828902451639598,0.2238454540589713,0.1770458054554808,0.1970061760703441,0.2055877701634156,0.0503835025030998,0.1131662204916037,0.1057390127157569,0.0851720047449582,0.1569202751922296,0.2534254083086702,0.2721103571031258,0.3460859329017065,0.3397773872290568,-0.0771512324482028,0.1175760348314911,0,RAYUSDT,1.0,1.0,RAYUSDT,2026-10-09,pseudo_intraday_market_cap,1,0.3,True,84.0,57.0,58.0,617171902.7,84.0,0.0,52.0,0.2272727272727272,False,0.0,29.0,0.5757575757575758,False,0.087719298245614,6.0,0.9242424242424242,True,0.0526315789473683,14.0,0.803030303030303,True,0.6325757575757576,2,False,True,False,False
34,Quant,QNT,2998147532.48,248.34,12072738.0,127059801.77,-0.0053,0.0507,0.0081999999999999,2026-10-10 12:00:00,0.0,,0.0506853951599255,0.0506861220013801,,1.0,1.4382312464935283e-10,1.4382312463901028e-10,0.0082007145177007,1.517639902676399,2.9257034460954787,2.91827074786999,0.0506853951599255,-0.0182637571157494,-0.0645623022449902,-0.0545911375057103,-0.0170202659911334,-0.0325295103042581,0.0082007145177007,0.0155809103177524,-0.132345748025994,-0.0688064794330495,0.0763696255201109,-0.1298833257419153,0.6257937806873979,1.517639902676399,1.7486441615938029,2.51606965878522,2.367778681855168,2.7082275645811564,2.8694297288875035,2.783363802559415,1.5094391881586982,2.9175027315777777,0,QNTUSDT,1.0,1.0,QNTUSDT,2026-10-09,pseudo_intraday_market_cap,1,0.3,True,34.0,21.0,22.0,2962253876.516337,34.0,-0.0120515920999596,61.0,0.0909090909090909,False,0.0143602052640292,21.0,0.696969696969697,True,0.0,19.0,0.7272727272727273,False,0.7619047619047619,1.0,1.0,True,0.6287878787878788,2,False,False,False,False
19,Litecoin,LTC,4931072304.12,63.46,77697998.0,216597222.12,-0.0042,0.0056999999999999,-0.0911999999999999,2026-10-10 12:00:00,0.0,,0.0057052297939776,0.0057169782563224,,1.0,6.058336890520301e-11,6.058336890336784e-11,-0.0912215380209078,-0.1233595800524934,0.0941379310344827,0.1912896564670545,0.0057052297939776,-0.039067231980618,-0.0794894110821003,-0.09433423719138,-0.1025314665535283,-0.0969119111996583,-0.0912215380209078,-0.0675874228621802,-0.0552329909185645,-0.0498577631381943,-0.0832129442357699,-0.1103322585167531,-0.1262563678920555,-0.1233595800524934,-0.1175079961062438,0.0263626071486333,0.0092239185750635,0.023548387096774,0.0803541028260128,0.0879478827361563,-0.0321380420315856,0.1853594690553905,0,LTCUSDT,1.0,1.0,LTCUSDT,2026-10-09,pseudo_intraday_market_cap,1,0.3,True,19.0,14.0,14.0,4985481992.217163,19.0,-0.0003117206982542,53.0,0.2121212121212121,False,-0.0032634032634031,33.0,0.5151515151515151,False,0.0714285714285714,9.0,0.8787878787878788,True,0.0714285714285714,8.0,0.8939393939393939,True,0.625,2,False,True,False,False
77,Aptos,APT,709863027.84,0.8146,871414274.0,131394257.2,0.0036,0.1066,0.0262,2026-10-10 12:00:00,0.0,,0.1064928008693291,0.1066401341585252,,1.0,3.8266040797544016e-10,3.826604079022257e-10,0.0262030738221215,-0.0646457687449765,0.1143638850889192,0.3665492367052507,0.1064928008693291,0.0662303664921466,-0.0143980641258317,-0.0371158392434987,0.0160908070350505,0.013310113198159,0.0262030738221215,0.0496070094060046,0.0579220779220779,0.0312697809849349,-0.0185542168674698,-0.0587011786457128,-0.0437844817466839,-0.0646457687449765,0.0064245119841856,0.0810882548108826,-0.0166586190246258,0.0243963782696177,0.1039436237972624,0.1242064587358542,-0.090848842567098,0.0881608112667977,0,APTUSDT,1.0,1.0,APTUSDT,2026-10-09,pseudo_intraday_market_cap,1,0.3,True,77.0,52.0,52.0,720851079.62229,77.0,0.0167281672816728,33.0,0.5151515151515151,False,0.0800993074611264,8.0,0.8939393939393939,True,0.0192307692307691,18.0,0.7424242424242424,True,-0.0384615384615384,48.0,0.2878787878787879,False,0.6098484848484849,2,False,False,False,False
58,Arbitrum,ARB,1241095696.55,0.1829,6785574605.0,128628796.45,0.0088,0.0605,-0.0665,2026-10-10 12:00:00,0.0,,0.0602898550724639,0.0605398522319073,,1.0,2.1582626781423688e-10,2.1582626779094637e-10,-0.066360387953037,-0.1939180255619212,-0.1727725011307097,0.3120516499282644,0.0602898550724639,-0.0166666666666664,-0.0868696954568145,-0.1215177713736789,-0.1029916625796958,-0.0914058618976649,-0.066360387953037,-0.0836673346693385,-0.0981262327416171,-0.0994583948793695,-0.0936570862239838,-0.194982394366197,-0.1764970733903643,-0.1939180255619212,-0.1548059149722733,-0.1512761020881667,-0.2220331773713312,-0.191780821917808,-0.1602387511478418,-0.1108410306271265,-0.1275576376088842,-0.1064121131776727,0,ARBUSDT,1.0,1.0,ARBUSDT,2026-10-09,pseudo_intraday_market_cap,1,0.3,True,58.0,36.0,36.0,1269376580.0822525,58.0,0.0410928352383606,16.0,0.7727272727272727,True,0.0118131570391242,22.0,0.6818181818181818,False,0.0,19.0,0.7272727272727273,False,-0.0555555555555555,52.0,0.2272727272727272,False,0.6022727272727272,1,False,False,False,False
9,Hyperliquid,HYPE,21409098607.54,84.22,254216502.0,716505211.29,-0.0008,0.0008,-0.0558,2026-10-10 12:00:00,0.0,,0.0008318478906712,0.0007457557866514,,1.0,2.7802153478607128e-11,2.7802153478220647e-11,-0.0557237358448257,-0.0869470945359929,-0.0880346507850566,0.0607052896725441,0.0008318478906712,-0.0480388832372555,-0.0844657027937819,-0.1055649957519117,-0.0694950834161972,-0.0577310360259566,-0.0557237358448257,-0.0395712167864066,-0.0731814680312533,-0.0208115335426113,-0.0378156060779161,-0.0814701712291415,-0.0897103329009942,-0.0869470945359929,-0.0855591748099889,-0.1037565180376715,-0.133360773821774,-0.1037565180376715,-0.1007900918214819,-0.0868480971484332,-0.0312233586911672,-0.0323109149402309,0,HYPEUSDT,1.0,1.0,HYPEUSDT,2026-10-09,pseudo_intraday_market_cap,1,0.3,True,9.0,6.0,6.0,21869222158.18143,9.0,-0.0019733023795704,57.0,0.1515151515151515,False,-0.0139342852227764,45.0,0.3333333333333333,False,0.1666666666666667,4.0,0.9545454545454546,True,0.1666666666666667,5.0,0.9393939393939394,True,0.5946969696969697,2,False,True,False,False
92,Artificial Superintelligence Alliance,FET,511251922.24,0.217,2356485252.0,159647344.94,0.0069999999999999,0.0044,-0.0095,2026-10-10 12:00:00,0.0,,0.0046296296296295,0.0108614354124336,,1.0,2.392128240282603e-10,2.392128239996489e-10,-0.0091324200913243,-0.1164495114006516,0.1704422869471409,0.3056558363417567,0.0046296296296295,-0.056521739130435,-0.092050209205021,-0.1456692913385827,-0.1422924901185772,-0.0393979637007526,-0.0091324200913243,-0.0585683297180045,-0.0507436570428696,-0.0238416554206029,-0.0334075723830735,-0.1235864297253634,-0.1077302631578949,-0.1164495114006516,-0.0519877675840978,0.1179804224626481,0.0362941738299902,0.0647693817468102,0.2357630979498857,0.2259887005649714,-0.1073170913093273,0.1795747070384652,0,FETUSDT,1.0,1.0,FETUSDT,2026-10-09,pseudo_intraday_market_cap,1,0.3,True,92.0,59.0,60.0,536484374.1217712,92.0,0.0345611641655296,17.0,0.7575757575757576,True,-0.0112994350282485,43.0,0.3636363636363636,False,0.0338983050847456,15.0,0.7878787878787878,True,-0.0169491525423728,37.0,0.4545454545454545,False,0.5909090909090908,2,False,False,False,False
36,Ethena,ENA,2884609603.04,0.2152,13406250000.0,353549738.84,0.0004,0.0437,-0.0733,2026-10-10 12:00:00,0.0,,0.04364694471387,0.0436775011429653,,1.0,8.904322921579739e-11,8.904322921183304e-11,-0.0732127476313523,-0.1961150541651101,0.276393831553974,0.53604568165596,0.04364694471387,-0.0507278341420379,-0.1048252911813643,-0.1357429718875501,-0.1096400496483244,-0.0980720871751886,-0.0732127476313523,-0.1147675853558208,-0.1851571374479363,-0.1329572925060435,-0.1610136452241715,-0.2108544187752107,-0.2023721275018531,-0.1961150541651101,-0.0431302801244999,0.0431410567135237,-0.0055452865064694,0.0122295390404514,-0.007837713231904,0.0533529123837492,-0.1229023065337577,0.3496065791853263,0,ENAUSDT,1.0,1.0,ENAUSDT,2026-10-09,pseudo_intraday_market_cap,1,0.3,True,36.0,22.0,21.0,2979068189.976144,36.0,0.0131879164004746,38.0,0.4393939393939394,False,0.0088604143947654,24.0,0.6515151515151515,False,0.1818181818181818,2.0,0.9848484848484848,True,-0.0454545454545454,49.0,0.2727272727272727,False,0.5871212121212122,1,False,False,False,False
5,XRP,XRP,88087607118.8,1.3953,63129671205.0,1993021961.26,0.0006,0.0118999999999999,-0.0604,2026-10-10 12:00:00,0.0,,0.0118201595358955,0.0124401425034281,,1.0,6.850186880567499e-12,6.850186880544037e-12,-0.0604040404040403,-0.1103672532517213,-0.0006446067898584,0.0288305559651966,0.0118201595358955,-0.0182931119397735,-0.0681226207172911,-0.0743664588032374,-0.0821602420734114,-0.0613521695257314,-0.0604040404040403,-0.0660642570281123,-0.0625503896801933,-0.0635570469798656,-0.0674998329212055,-0.0810721812434139,-0.0869053072442902,-0.1103672532517213,-0.0898832431022111,-0.0701719312275089,-0.112291640157781,-0.0898238747553816,-0.0103553443506633,-0.010706182643222,-0.049963212847681,0.0597594336141819,0,XRPUSDT,1.0,1.0,XRPUSDT,2026-10-09,pseudo_intraday_market_cap,1,0.3,True,5.0,3.0,3.0,88889609133.57437,5.0,0.004782639731601,46.0,0.3181818181818182,False,0.0004975478001278,28.0,0.5909090909090909,False,0.0,19.0,0.7272727272727273,True,0.0,21.0,0.696969696969697,False,0.5833333333333334,1,False,False,False,False
11,Dogecoin,DOGE,13336652388.48,0.08535,156259616384.0,639216294.01,-0.0003,0.0157,-0.0819,2026-10-10 12:00:00,0.0,,0.0157086754730453,-0.0770342735225784,,1.0,2.1984397955024103e-11,2.198439795478245e-11,-0.0819619232010326,-0.1374431531076303,-0.0235670975860887,0.0126957759848125,0.0157086754730453,-0.040795684423466,-0.0896,-0.1056271612700409,-0.1098247809762202,-0.08057739954756,-0.0819619232010326,-0.095197710166437,-0.096538583677358,-0.0906669507777542,-0.0908606731998298,-0.1203751417087501,-0.1180117805104891,-0.1374431531076303,-0.1086161879895564,-0.0791886934944439,-0.1499003984063747,-0.1432443284481029,-0.0221127406049496,-0.0270177838577293,-0.0554812299065976,0.0583948256149439,0,DOGEUSDT,1.0,1.0,DOGEUSDT,2026-10-09,pseudo_intraday_market_cap,1,0.3,True,11.0,8.0,8.0,13471081842.93491,11.0,0.014240320112981,36.0,0.4696969696969697,False,-0.0165468446878922,46.0,0.3181818181818182,False,0.0,19.0,0.7272727272727273,False,0.0,21.0,0.696969696969697,False,0.553030303030303,0,False,False,False,False
28,Hedera,HBAR,4058990301.44,0.09225,43997753906.0,91356242.73,0.0089,0.0217,-0.0996,2026-10-10 12:00:00,0.0,,0.0217078303245099,0.0217327103664386,,1.0,2.2387792468157188e-10,2.2387792465651123e-10,-0.0999999999999998,-0.0337278726301455,0.1660978384527871,0.2400860330689609,0.0217078303245099,-0.0064620355411955,-0.0746313572073428,-0.093811394891945,-0.1138328530259366,-0.0947006869479881,-0.0999999999999998,-0.1017526777020447,-0.1189111747851002,-0.0982404692082111,-0.2432321575061525,-0.0382610508757299,-0.0138963121325493,-0.0337278726301455,-0.0085975282106394,0.0200132684652807,-0.0680876856248104,-0.0100869191973387,0.0662274618585299,0.132874861844529,0.0662721273698543,0.266097838452787,0,HBARUSDT,1.0,1.0,HBARUSDT,2026-10-09,pseudo_intraday_market_cap,1,0.3,True,28.0,19.0,19.0,4081885137.721037,28.0,0.0076078687099228,43.0,0.3636363636363636,False,-0.0066430943962283,39.0,0.4242424242424242,False,0.0,19.0,0.7272727272727273,False,0.0,21.0,0.696969696969697,False,0.553030303030303,0,False,False,False,False
57,Jupiter,JUP,1245364595.79,0.3752,3319369204.0,97268780.37,0.0012,0.1189,0.1916,2026-10-10 12:00:00,0.0,,0.1189979123173277,0.1189231121390976,,1.0,5.616714965425995e-10,5.616714963848623e-10,0.1914893617021273,0.1002932551319646,0.4147812971342379,0.5295556461475741,0.1189979123173277,0.0454165505711896,0.0665150653780555,0.0753797649756375,0.1193317422434365,0.1400790033424488,0.1914893617021273,0.1505673106409075,0.1380042462845008,0.1373143376780838,0.1466992665036675,0.0067078078883822,0.1061320754716981,0.1002932551319646,0.2448573324485732,0.2920110192837464,0.2456839309428948,0.2611764705882351,0.2577941669460271,0.3319133830315934,-0.0911961065701627,0.2232919354321105,0,JUPUSDT,1.0,1.0,JUPUSDT,2026-10-09,pseudo_intraday_market_cap,1,0.3,True,57.0,37.0,37.0,1223084374.7171214,57.0,0.0019068373740125,51.0,0.2424242424242424,False,-0.0305745914602003,54.0,0.1969696969696969,False,0.1081081081081081,5.0,0.9393939393939394,True,0.0540540540540539,13.0,0.8181818181818182,True,0.5492424242424243,2,False,True,False,False
22,Avalanche,AVAX,4584573818.35,10.34,443334128.0,318885247.36,-0.001,0.0263,-0.0429,2026-10-10 12:00:00,0.0,,0.0257936507936507,0.026329695037307,,1.0,5.742700858218668e-11,5.742700858053775e-11,-0.0425925925925927,-0.0291079812206572,0.2612832398145892,0.3868769783786689,0.0257936507936507,-0.0709793351302787,-0.1101549053356282,-0.0718132854578098,-0.0693069306930692,-0.0701438848920862,-0.0425925925925927,-0.06,-0.0539798719121683,-0.0961538461538462,-0.0236071765816808,-0.0522456461961503,-0.0478821362799263,-0.0291079812206572,0.0147203140333662,0.0068159688412854,-0.0833333333333331,-0.0792520035618876,-0.0881834215167546,0.0247770069375621,0.0134846113719354,0.3038758324071819,0,AVAXUSDT,1.0,1.0,AVAXUSDT,2026-10-09,pseudo_intraday_market_cap,1,0.3,True,22.0,16.0,17.0,4672021634.211247,22.0,0.0110470701248799,41.0,0.3939393939393939,False,-0.0278932298882422,53.0,0.2121212121212121,False,0.0,19.0,0.7272727272727273,False,0.0625,11.0,0.8484848484848485,True,0.5454545454545455,1,False,False,False,False
50,Internet Computer,ICP,1706266160.28,3.0614,557353778.0,74169414.82,0.0066,0.051,-0.0681,2026-10-10 12:00:00,0.0,,0.0510522882548836,0.0511005719934614,,1.0,4.966777621104998e-10,4.966777619871554e-10,-0.06812370631925,-0.0409448325553709,0.0701576537211174,0.1240682944740225,0.0510522882548836,-0.0556772263179,-0.0962123224987455,-0.1467194380957691,-0.0907092788404421,-0.089058827030083,-0.06812370631925,-0.0687190095214919,-0.0799146455083702,-0.1102391955125411,-0.0237882653061225,-0.0270768448484076,-0.0442383940557584,-0.0409448325553709,-0.0081643232035246,0.047707049965777,0.0139100483539778,0.0129706836079679,0.0562014835259618,0.0690365610922933,0.027178873763879,0.1382813600403675,0,ICPUSDT,1.0,1.0,ICPUSDT,2026-10-09,pseudo_intraday_market_cap,1,0.3,True,50.0,32.0,32.0,1757599216.7697842,50.0,0.0482529118136438,14.0,0.803030303030303,True,-0.0072486605735897,41.0,0.3939393939393939,False,-0.03125,49.0,0.2727272727272727,False,0.0,21.0,0.696969696969697,False,0.5416666666666666,1,False,False,False,False
55,Ethereum Classic,ETC,1328486623.06,8.3699,158721087.0,38071473.86,0.0011,0.0395999999999999,-0.0525,2026-10-10 12:00:00,0.0,,0.0395583376804034,0.0396270705158086,,1.0,3.6779421549346446e-10,3.677942154258281e-10,-0.0525463827667785,-0.1183825233310159,0.027284108203643,0.0976486171035897,0.0395583376804034,-0.0131231429514691,-0.0530930400941261,-0.0702074006598606,-0.0714246092059864,-0.0545156735385483,-0.0525463827667785,-0.0563597826332047,-0.0583980200247495,-0.0790770855797371,-0.0981099952588249,-0.1281444984948071,-0.1129633947307063,-0.1183825233310159,-0.1081619605753861,-0.0414681630783323,-0.1116170461179215,-0.057210119624231,-0.0182626442713706,-0.0228357947580407,-0.0658361405642373,0.0798304909704216,0,ETCUSDT,1.0,1.0,ETCUSDT,2026-10-09,pseudo_intraday_market_cap,1,0.3,True,55.0,34.0,34.0,1328169069.1881075,55.0,0.0161564625850341,34.0,0.5,False,-0.0015516829792313,31.0,0.5454545454545454,False,0.0,19.0,0.7272727272727273,False,-0.0294117647058823,43.0,0.3636363636363636,False,0.5340909090909091,0,False,False,False,False
25,Sui,SUI,4404405628.64,1.0695,4118270448.0,514114474.59,0.0012,0.0282,-0.068,2026-10-10 12:00:00,0.0,,0.0282665128353041,0.0282159207808929,,1.0,4.0199938162926376e-11,4.0199938162118357e-11,-0.0678926268084364,-0.1032950448562086,0.3140434942867678,0.4753759139191613,0.0282665128353041,-0.0511046047378228,-0.092644438788496,-0.1183017312448476,-0.1157503100454734,-0.0959425190194421,-0.0678926268084364,-0.0902517863218781,-0.0803164502536761,-0.0707272569293595,-0.0833119053741322,-0.1566787572938023,-0.0816589386913961,-0.1032950448562086,0.0569226208123332,0.1148754300010423,0.0447396698251441,0.0302475676717079,0.1921747854196858,0.2462130039617807,-0.0354024180477722,0.3819361210952042,0,SUIUSDT,1.0,1.0,SUIUSDT,2026-10-09,pseudo_intraday_market_cap,1,0.3,True,25.0,18.0,18.0,4628498096.0904455,25.0,0.0494069300457644,13.0,0.8181818181818182,True,-0.0042538107054237,36.0,0.4696969696969697,False,-0.0555555555555555,60.0,0.106060606060606,False,0.0,21.0,0.696969696969697,False,0.5227272727272727,1,False,False,False,False
4,BNB,BNB,98816387708.43,742.09,133158785.0,1316740996.44,0.0007,0.0095,-0.0339,2026-10-10 12:00:00,0.0,,0.0094677131935847,0.0094721083469537,,1.0,1.072410910289518e-11,1.0724109102837675e-11,-0.0339256655601117,-0.0446833161688978,-0.0248745105253472,0.02079865744116,0.0094677131935847,-0.0391169234753333,-0.048138836869244,-0.056837101714518,-0.0668586374267534,-0.0573881895664764,-0.0339256655601117,-0.0377214139370832,-0.0339633939961986,-0.0211056734688492,-0.0284236711180936,-0.0472589549364487,-0.0402850344007034,-0.0446833161688978,-0.0443142305215709,-0.0327924405343756,-0.0584525984571657,-0.0710986493760089,-0.0391791286333914,-0.0261797280982623,-0.010757650608786,0.0090511550347645,0,BNBUSDT,1.0,1.0,BNBUSDT,2026-10-09,pseudo_intraday_market_cap,1,0.3,True,4.0,2.0,2.0,100051925404.3802,4.0,0.0108417852627049,42.0,0.3787878787878788,False,-0.0232147035121013,49.0,0.2727272727272727,False,0.0,19.0,0.7272727272727273,True,0.0,21.0,0.696969696969697,False,0.518939393939394,1,False,False,False,False
60,Kaspa,KAS,1148267185.76,0.04138,27747443299.0,13010921.41,-0.001,0.0562,-0.0159,2026-10-10 12:00:00,0.0,,0.0561510974987238,0.0563124819672828,,1.0,1.6883529352109974e-09,1.6883529337857299e-09,-0.0159334126040429,-0.0173355497506533,0.0898077429549644,0.1523252575884155,0.0561510974987238,0.0209721194177152,-0.0425728829245719,-0.0480791350356568,-0.0304592314901595,-0.0403525046382189,-0.0159334126040429,-0.0004830917874398,-0.0476409666283087,-0.0354312354312358,-0.088144557073601,-0.1171324941327077,-0.1335845896147405,-0.0173355497506533,0.0389153904092391,0.0750844375162378,-0.0050492906948786,-0.0434581599630145,0.0360540811216822,0.0572304547777209,-0.0014021371466104,0.1057411555590073,0,KASUSDT,1.0,1.0,KASUSDT,2026-10-09,pseudo_intraday_market_cap,1,0.3,True,60.0,38.0,38.0,1148821904.207227,60.0,0.00314846209736,48.0,0.2878787878787879,False,0.0367959949937422,15.0,0.7878787878787878,True,-0.0263157894736841,47.0,0.303030303030303,False,0.0,21.0,0.696969696969697,False,0.5189393939393939,1,False,False,False,False
2,Ethereum,ETH,303531274102.91,2485.54,122118912.0,9046002553.33,-0.0008,0.0055,-0.0684,2026-10-10 12:00:00,0.0,,0.0055139547960889,0.0055351607952414,,1.0,1.397620374664123e-12,1.3976203746631465e-12,-0.0684406798718213,-0.076172281525973,-0.0481781454037182,-0.0116076079738183,0.0055139547960889,-0.0341903921850532,-0.078583291319434,-0.0831750294168637,-0.0883803837139787,-0.0750653081577519,-0.0684406798718213,-0.0813146358952371,-0.0738314553150896,-0.071423234406288,-0.0755503650503779,-0.0749517106884063,-0.077793567106088,-0.076172281525973,-0.0750790756521416,-0.0741798866908284,-0.0970308395970399,-0.1047841323695195,-0.0595762391222096,-0.0556315445523487,-0.0077316016541516,0.0202625344681031,0,ETHUSDT,1.0,1.0,ETHUSDT,2026-10-09,pseudo_intraday_market_cap,1,0.3,True,2.0,1.0,1.0,306497723707.23944,2.0,0.0022754400182034,49.0,0.2727272727272727,False,-0.0218673544124293,48.0,0.2878787878787879,False,0.0,19.0,0.7272727272727273,True,0.0,21.0,0.696969696969697,True,0.4962121212121212,2,False,True,False,False
83,Pyth Network,PYTH,633003816.11,0.08038,7874959160.0,56107690.35,-0.0062,-0.0098,0.0216,2026-10-10 12:00:00,0.0,,-0.0098546440009855,-0.0098133637933505,,1.0,1.1022018913743963e-09,1.1022018907669715e-09,0.0216065073716318,0.08270474137931,0.3361037234042547,0.5804168305151394,-0.0098546440009855,0.0878332656651779,0.0601424426272749,0.0147708622648654,0.0294569672131146,0.0293251376616721,0.0216065073716318,0.0818304172274559,0.0422717842323649,0.0223861612821163,-0.0105859182668639,-0.037711002035197,-0.0103422802265454,0.08270474137931,0.1765222482435593,0.2850519584332531,0.1991645531851404,0.2664250827162433,0.3023331173039529,0.3161945308662184,0.0610982340076782,0.3144972160326229,0,PYTHUSDT,1.0,1.0,PYTHUSDT,2026-10-09,pseudo_intraday_market_cap,1,0.3,True,83.0,56.0,57.0,618802060.2954918,83.0,-0.0720539517274018,67.0,0.0,False,0.0401856763925729,14.0,0.803030303030303,True,0.0,19.0,0.7272727272727273,False,-0.0178571428571429,38.0,0.4393939393939394,False,0.4924242424242424,1,False,False,False,False
59,JUST,JST,1167964939.54,0.1426,8188743036.0,38135414.83,-0.0004,0.0207,0.0764,2026-10-10 12:00:00,0.0,,0.020758768790265,0.0207079677947628,,1.0,4.831897780548875e-10,4.831897779381512e-10,0.0762264150943397,0.168852459016394,0.2619469026548675,0.3339569691300286,0.020758768790265,0.0063514467184193,0.0113475177304966,0.0493009565857249,0.0192994996426019,0.0310918293564714,0.0762264150943397,0.0885496183206109,0.0713749060856501,0.1228346456692917,0.0969230769230773,0.1281645569620255,0.1621841890790549,0.168852459016394,0.2563876651982384,0.2858431018935985,0.267555555555556,0.2443280977312396,0.2563876651982384,0.2240343347639488,0.0926260439220543,0.1857204875605278,0,JSTUSDT,1.0,1.0,JSTUSDT,2026-10-09,pseudo_intraday_market_cap,1,0.3,True,59.0,39.0,39.0,1111360663.118192,59.0,-0.0479298245614033,65.0,0.0303030303030303,False,-0.0238866105475212,51.0,0.2424242424242424,False,0.0256410256410255,16.0,0.7727272727272727,True,0.0769230769230768,7.0,0.9090909090909092,True,0.4886363636363636,2,False,True,False,False
8,TRON,TRX,31510408683.35,0.3317,94989295267.0,402441065.25,-0.0003,-0.0025,-0.0087,2026-10-10 12:00:00,0.0,,-0.0027059530968129,-0.0025050957628597,,1.0,5.487691191229519e-12,5.487691191214461e-12,-0.0086670651524208,-0.0192193968066233,-0.0195093112621934,-0.0200886262924667,-0.0027059530968129,-0.0104415274463007,-0.0110316040548598,-0.013091341862541,-0.011620977353993,-0.0113263785394934,-0.0086670651524208,-0.0092592592592591,-0.0168938944872554,-0.0080741626794257,-0.0110316040548598,-0.0050989802039591,-0.0077774454083158,-0.0192193968066233,-0.0246986180535138,-0.0298332845861363,-0.0301169590643275,-0.0374347069065583,-0.0315328467153286,-0.0235501913453047,-0.0105523316542024,-0.0108422461097725,0,TRXUSDT,1.0,1.0,TRXUSDT,2026-10-09,pseudo_intraday_market_cap,1,0.3,True,8.0,5.0,5.0,31417320326.826065,8.0,-0.0064285499714621,59.0,0.1212121212121212,False,-0.0119787310311865,44.0,0.3484848484848485,False,0.0,19.0,0.7272727272727273,False,0.0,21.0,0.696969696969697,False,0.4734848484848485,0,False,False,False,False
79,Injective,INJ,694007146.04,6.9421,99970955.0,90149356.75,0.0013,0.0277,-0.0695,2026-10-10 12:00:00,0.0,,0.0277436451655883,0.0277344417440712,,1.0,3.139094752191948e-10,3.1390947516992517e-10,-0.0694859593861002,-0.1508550040364998,0.0407165879619217,0.2114723487426484,0.0277436451655883,-0.070109168843346,-0.1421775180100586,-0.0954447137310089,-0.0913719536137799,-0.0945598727028473,-0.0694859593861002,-0.0561643463128128,-0.0631949692324302,-0.086168994431793,-0.0614852167800026,-0.1087417031492729,-0.1075615776212272,-0.1508550040364998,-0.1363721184827638,-0.1094962607591367,-0.1209193364568826,-0.1155997197273712,-0.1073894539235983,-0.1230403860486857,-0.0813690446503996,0.110202547348022,0,INJUSDT,1.0,1.0,INJUSDT,2026-10-09,pseudo_intraday_market_cap,1,0.3,True,79.0,50.0,51.0,730338930.5817535,79.0,0.0302131865028942,21.0,0.696969696969697,True,-0.0069406641262929,40.0,0.4090909090909091,False,-0.02,43.0,0.3636363636363636,False,-0.02,39.0,0.4242424242424242,False,0.4734848484848485,1,False,False,False,False
38,Aave,AAVE,2582128597.47,167.28,15435672.0,272193466.42,-0.0004,0.0072,-0.0681,2026-10-10 12:00:00,0.0,,0.0071647901740019,0.0071565691332193,,1.0,7.013401156909482e-11,7.013401156663542e-11,-0.0681299091972591,0.0894171279713449,0.1989678899082567,0.3396332185472888,0.0071647901740019,-0.037901880715477,-0.0702534459759892,-0.0924479166666666,-0.0666741058974501,-0.0785501817781204,-0.0681299091972591,-0.0254587824060588,0.0496329296605384,0.0124682241859339,0.1203536266827407,0.0797831138652209,0.0748570327057764,0.0894171279713449,0.1395871653382383,0.2044930875576038,0.1314935064935065,0.1479549821575623,0.2164048865619545,0.1853741496598639,0.157547037168604,0.2670977991055159,0,AAVEUSDT,1.0,1.0,AAVEUSDT,2026-10-09,pseudo_intraday_market_cap,1,0.3,True,38.0,23.0,24.0,2648685467.6039376,38.0,0.0149713000769275,35.0,0.4848484848484848,False,-0.0038910505836574,34.0,0.5,False,-0.0434782608695651,58.0,0.1363636363636363,False,0.0434782608695651,16.0,0.7727272727272727,True,0.4734848484848484,1,False,False,False,False
45,Aster,ASTER,1902649701.79,0.7035,2704529095.0,79142058.09,0.0040999999999999,0.0056,-0.0266,2026-10-10 12:00:00,0.0,,0.0055746140651802,0.00557387554558,,1.0,1.7934389805569664e-10,1.7934389803961452e-10,-0.0265670402656701,-0.0463603090687269,-0.0817125701605533,0.0313736988711335,0.0055746140651802,-0.008177075990413,-0.0448065173116088,-0.0462310195227765,-0.0108267716535431,-0.018006700167504,-0.0265670402656701,-0.0497095771984328,-0.0706737120211358,-0.0292534842003585,-0.0050912176495541,-0.0288514632799556,-0.045842940458429,-0.0463603090687269,-0.0067767894959761,0.0138348465196718,-0.0351117816486076,-0.0550705171255875,-0.0488101676581934,-0.0797907128842377,-0.0197932688030567,-0.0551455298948831,0,ASTERUSDT,1.0,1.0,ASTERUSDT,2026-10-09,pseudo_intraday_market_cap,1,0.3,True,45.0,29.0,29.0,1920507335.509872,45.0,0.0137103684661523,37.0,0.4545454545454545,False,-0.0058823529411764,38.0,0.4393939393939394,False,0.0344827586206897,14.0,0.803030303030303,True,-0.0689655172413793,55.0,0.1818181818181818,False,0.4696969696969696,1,False,False,False,False
93,Sei,SEI,502237494.02,0.06626,7579861111.0,50052337.98,0.0060999999999999,0.003,-0.0438,2026-10-10 12:00:00,0.0,,0.0030275507114745,0.0029507261129038,,1.0,5.414413042352811e-10,5.414413040887017e-10,-0.043729253860586,-0.113104002141614,0.3784064905346369,0.4886542350033698,0.0030275507114745,-0.0380371660859465,-0.0795943881094596,-0.1045945945945945,-0.1004615802335052,-0.0754848611692478,-0.043729253860586,-0.059207723981258,-0.0988712090303277,-0.0949323862860264,-0.1430419037765131,-0.1610534312484172,-0.0780576040072352,-0.113104002141614,0.0632220795892171,0.1240033927056827,0.0779241906621117,0.1154882154882155,0.2419868791002812,0.3391269199676636,-0.069374748281028,0.4221357443952229,0,SEIUSDT,1.0,1.0,SEIUSDT,2026-10-09,pseudo_intraday_market_cap,1,0.3,True,93.0,63.0,62.0,526723940.898258,93.0,0.0516119267443619,12.0,0.8333333333333334,True,0.015344147303814,20.0,0.7121212121212122,True,-0.0476190476190476,59.0,0.1212121212121212,False,-0.0634920634920634,53.0,0.2121212121212121,False,0.4696969696969696,2,True,False,False,False
86,Curve DAO Token,CRV,565353904.0,0.3598,1571246014.0,79955915.0,-0.0025,0.0713999999999999,-0.0222,2026-10-10 12:00:00,0.0,,0.0714711137581893,0.071487116269965,,1.0,5.901361113385307e-10,5.901361111644004e-10,-0.0222826086956521,0.0135211267605634,0.0468431771894093,0.0737093404953745,0.0714711137581893,-0.0561385099685205,-0.0019417475728155,-0.0361639432092151,-0.051660516605166,-0.0563860477314449,-0.0222826086956521,-0.0377106178122492,-0.0856416772554002,-0.0561385099685203,-0.0541535226077811,0.0163841807909606,0.0339080459770115,0.0135211267605634,0.0398843930635841,0.1074176669744537,-0.0077220077220074,-0.0190839694656487,0.0146644106034969,0.0453224869262058,0.0358037354562156,0.0691257858850614,0,CRVUSDT,1.0,1.0,CRVUSDT,2026-10-09,pseudo_intraday_market_cap,1,0.3,True,86.0,58.0,59.0,567714791.6837416,86.0,0.0288077581289218,23.0,0.6666666666666666,False,-0.0741786447638602,67.0,0.0,False,-0.0172413793103448,41.0,0.3939393939393939,False,0.0517241379310344,15.0,0.7878787878787878,True,0.4621212121212121,1,False,False,False,False
56,Morpho,MORPHO,1271420858.88,2.3868,532694860.0,22386350.61,0.0054,0.0152,-0.0696,2026-10-10 12:00:00,0.0,,0.0152275627392599,0.0152455724936011,,1.0,1.1366870304216151e-09,1.1366870297755862e-09,-0.0696187729009119,-0.1227902532250356,-0.0384336475707035,0.035757680958167,0.0152275627392599,-0.0600929353390564,-0.1133070807638011,-0.1180252752937697,-0.1292546787785924,-0.1338365510233703,-0.0696187729009119,-0.0755645067585883,-0.0429447852760734,-0.033723331039229,-0.0576437144662033,-0.1232413767769899,-0.1245598591549295,-0.1227902532250356,-0.1512694687433324,-0.0705245531368042,-0.0862874205650409,-0.1014230856110232,-0.1171117851594287,-0.0793442622950819,-0.0531714803241237,0.0311851253302083,0,MORPHOUSDT,1.0,1.0,MORPHOUSDT,2026-10-09,pseudo_intraday_market_cap,1,0.3,True,56.0,35.0,35.0,1282453056.9764185,56.0,0.004466521956921,47.0,0.303030303030303,False,-0.050394632991318,60.0,0.106060606060606,False,0.0,19.0,0.7272727272727273,False,0.0,21.0,0.696969696969697,False,0.4583333333333333,0,False,False,False,False
90,OFFICIAL TRUMP,TRUMP,530976210.11,1.8838,281866853.0,272457040.93,0.0038,0.0352,-0.1093,2026-10-10 12:00:00,0.0,,0.0352255866351596,0.0352154387558565,,1.0,8.225922627777724e-11,8.225922627439397e-11,-0.1093144208037826,-0.1122525918944391,-0.0958483321334293,-0.0490661282180716,0.0352255866351596,0.0034624194321632,-0.0633918361258887,-0.0841112407623493,-0.0876156342325763,-0.0788714488289082,-0.1093144208037826,-0.0860663691053755,-0.0812972445744941,-0.0688086999505687,-0.0621328288360052,-0.1142561594884332,-0.109609112823179,-0.1122525918944391,-0.0918382104806441,-0.0409815201343989,-0.1611150694691842,-0.1384010245151847,-0.0905228600395886,-0.1044449726646066,-0.0029381710906565,0.0134660886703532,0,TRUMPUSDT,1.0,1.0,TRUMPUSDT,2026-10-09,pseudo_intraday_market_cap,1,0.3,True,90.0,60.0,61.0,532665423.9279533,90.0,0.0210469508904478,28.0,0.5909090909090909,False,0.0188476036618201,19.0,0.7272727272727273,True,-0.0333333333333333,51.0,0.2424242424242424,False,-0.0666666666666666,54.0,0.1969696969696969,False,0.4393939393939394,1,False,False,False,False
7,Solana,SOL,64260450932.84,109.14,588792164.0,2675442367.31,-0.0004,-0.0028,-0.0799,2026-10-10 12:00:00,0.0,,-0.0027412280701754,-0.0026070493443132,,1.0,5.957870581683589e-12,5.957870581665841e-12,-0.0799190692969143,-0.1054831571182689,-0.0307282415630549,0.0658203124999998,-0.0027412280701754,-0.0609189468249871,-0.0964483814885338,-0.0961490683229814,-0.1019501357689459,-0.0878395319682406,-0.0799190692969143,-0.0782094594594593,-0.0750063564708872,-0.0833193347891818,-0.081622349377314,-0.1058495821727019,-0.101210573993247,-0.1054831571182689,-0.0672592086146482,-0.0507914419899112,-0.0790650578010293,-0.0809263157894736,-0.0179069558175108,-0.0168453292496172,-0.0255640878213545,0.0491908277338594,0,SOLUSDT,1.0,1.0,SOLUSDT,2026-10-09,pseudo_intraday_market_cap,1,0.3,True,7.0,4.0,4.0,65061718130.68233,7.0,-0.0071030390217585,60.0,0.106060606060606,False,-0.0389033942558746,58.0,0.1363636363636363,False,0.0,19.0,0.7272727272727273,False,0.0,21.0,0.696969696969697,False,0.4166666666666667,0,False,False,False,False
64,Polygon (prev. MATIC),POL,1071679522.47,0.1008,10629227805.0,160872805.91,0.009,0.0272,-0.0595,2026-10-10 12:00:00,0.0,,0.0269994905756494,0.0273012998258983,,1.0,1.7103437896743463e-10,1.7103437895280824e-10,-0.0597014925373136,-0.1332760103181428,-0.0570626753975677,0.0356519058871878,0.0269994905756494,-0.0175438596491228,-0.0623255813953489,-0.0760769935838681,-0.0844686648501363,-0.086128739800544,-0.0597014925373136,-0.064935064935065,-0.1142355008787346,-0.142127659574468,-0.139197267292912,-0.1737704918032787,-0.1641791044776119,-0.1332760103181428,-0.0709677419354838,-0.0009910802775023,-0.0802919708029196,-0.1008028545941123,-0.0769230769230768,-0.0372492836676215,-0.0735745177808292,0.0026388171397458,0,POLUSDT,1.0,1.0,POLUSDT,2026-10-09,pseudo_intraday_market_cap,1,0.3,True,64.0,40.0,40.0,1091883839.7223616,64.0,0.0259792166266985,25.0,0.6363636363636364,False,0.0038126894124546,26.0,0.6212121212121212,False,-0.025,46.0,0.3181818181818182,False,-0.0999999999999999,62.0,0.0757575757575757,False,0.4128787878787878,0,False,False,False,False
51,Pepe,PEPE,1636525139.51,3.96e-06,413772355107944.0,155962928.99,0.0006,0.0338,-0.0702,2026-10-10 12:00:00,0.0,,0.0339425587467363,0.0337962376921914,,1.0,1.3032516631851558e-10,1.3032516631002328e-10,-0.068235294117647,-0.11804008908686,0.0393700787401571,0.1999999999999993,0.0339425587467363,-0.0317848410757946,-0.0747663551401869,-0.0958904109589042,-0.0979498861047837,-0.0812064965197216,-0.068235294117647,-0.1081081081081081,-0.072599531615925,-0.0682352941176471,-0.0593824228028505,-0.0938215102974829,-0.0917431192660552,-0.11804008908686,-0.1040723981900456,-0.0854503464203236,-0.2032193158953724,-0.1680672268907567,-0.0100000000000003,-0.0388349514563111,-0.0498047949692129,0.1076053728578042,0,1000PEPEUSDT,1.0,1000.0,1000PEPEUSDT,2026-10-09,pseudo_intraday_market_cap,1,0.3,True,51.0,33.0,33.0,1670704758.8489282,51.0,0.0283742135961897,24.0,0.6515151515151515,False,-0.0003713790542212,30.0,0.5606060606060606,False,-0.0303030303030302,48.0,0.2878787878787879,False,-0.0909090909090909,59.0,0.1212121212121212,False,0.4053030303030303,0,False,False,False,False
95,Virtuals Protocol,VIRTUAL,479351567.92,0.7273,659051770.0,86848379.43,0.009,0.0299,-0.0448,2026-10-10 12:00:00,0.0,,0.0298782214670063,0.0298619419818433,,1.0,4.2784044493598704e-10,4.278404448444634e-10,-0.0447859206724454,-0.0871093259696246,0.1006355932203388,0.1527975907433822,0.0298782214670063,-0.0611849748289661,-0.0958478368970662,-0.1523310023310023,-0.1369407855701909,-0.0881394182547642,-0.0447859206724454,-0.0714924039320821,-0.0957354221061792,-0.0526247231991663,-0.121724429416737,-0.1374525616698291,-0.0811118130132659,-0.0871093259696246,-0.0234962406015036,0.0424251110792606,-0.0315579227696404,-0.0041079008626592,0.0773218782402607,0.0782802075611563,-0.0423234052971791,0.1454215138927843,0,VIRTUALUSDT,1.0,1.0,VIRTUALUSDT,2026-10-09,pseudo_intraday_market_cap,1,0.3,True,95.0,64.0,64.0,484891679.6020693,95.0,0.0252405522242364,27.0,0.6060606060606061,False,-0.033140452393477,55.0,0.1818181818181818,False,-0.015625,40.0,0.4090909090909091,False,-0.03125,45.0,0.3333333333333333,False,0.3825757575757575,0,False,False,False,False
41,Ondo,ONDO,2351045150.35,0.4828,4869330647.0,249234299.23,0.0012,0.0275,-0.021,2026-10-10 12:00:00,0.0,,0.0274526494998936,0.0275091316078355,,1.0,6.647294233775705e-11,6.647294233554771e-11,-0.0210867802108677,-0.1204226635088357,0.2112393376818866,0.3778538812785388,0.0274526494998936,0.026360544217687,-0.0173010380622836,-0.0330462647706788,-0.0311057595825806,-0.0390127388535029,-0.0210867802108677,-0.0285714285714283,-0.0336269015212167,-0.0378636907134314,-0.0692114902641216,-0.1801664119544911,-0.1027690020442295,-0.1204226635088357,-0.0777459407831898,0.1701405719825497,0.0935447338618347,0.0553005464480873,0.116558741905643,0.1473384030418252,-0.099335883297968,0.2323261178927543,0,ONDOUSDT,1.0,1.0,ONDOUSDT,2026-10-09,pseudo_intraday_market_cap,1,0.3,True,41.0,25.0,25.0,2412991775.6807985,41.0,0.0058967059780397,45.0,0.3333333333333333,False,0.0527771866354542,13.0,0.8181818181818182,True,-0.04,55.0,0.1818181818181818,False,-0.0799999999999999,57.0,0.1515151515151515,False,0.3712121212121212,1,False,False,False,False
73,LayerZero,ZRO,780678812.6,1.9557,399181316.0,128938969.47,0.0055,-0.0025,0.1193999999999999,2026-10-10 12:00:00,0.0,,-0.0024992349280832,-0.0024741314052204,,1.0,3.5259987650264075e-10,3.5259987644047736e-10,0.1193978593097133,0.2019543973941366,0.7481898632341115,0.99073697068404,-0.0024992349280832,-0.1094667820226765,-0.1313790806129248,-0.0931558935361217,-0.0100728892488357,-0.0183707273001053,0.1193978593097133,0.0831302614089499,0.1255827338129496,0.1754417598269022,0.2530915614788238,0.1868552008738926,0.2220833593701181,0.2019543973941366,0.3581250000000002,0.3026710184506762,0.4074847067290394,0.6617384654601071,0.6613149847094801,0.7543057050592037,0.0825565380844233,0.6287920039243982,0,ZROUSDT,1.0,1.0,ZROUSDT,2026-10-09,pseudo_intraday_market_cap,1,0.3,True,73.0,48.0,46.0,807392235.2192726,73.0,-0.0535037213874456,66.0,0.0151515151515151,False,-0.0388820230059893,57.0,0.1515151515151515,False,-0.0208333333333333,44.0,0.3484848484848485,False,0.1875,3.0,0.9696969696969696,True,0.3712121212121212,1,False,False,False,False
67,Render,RENDER,984055165.27,1.8969,518776241.0,40866867.78,0.0116,0.0368,-0.039,2026-10-10 12:00:00,0.0,,0.0368406668488658,0.0368376810978683,,1.0,6.779379178100112e-10,6.779379175802112e-10,-0.0389603809909819,-0.0258319638455218,0.227369783241669,0.3652655822657258,0.0368406668488658,-0.0632592592592591,-0.114715079105801,-0.0818045403940171,-0.0399817804544764,-0.0447678517474066,-0.0389603809909819,-0.0061301477522793,-0.0060259903584156,-0.0056091423778571,-0.0254816337015155,-0.077203736135435,-0.0478843547658486,-0.0258319638455218,0.0217063449315952,0.097552508245096,0.0260168758113368,0.0127602776294712,0.0949549757561762,0.2036931277365312,0.01312841714546,0.266330164232651,0,RENDERUSDT,1.0,1.0,RENDERUSDT,2026-10-09,pseudo_intraday_market_cap,1,0.3,True,67.0,43.0,43.0,999609251.1277976,67.0,0.0168776371308017,31.0,0.5454545454545454,False,-0.0516478111165764,62.0,0.0757575757575757,False,-0.0232558139534884,45.0,0.3333333333333333,False,-0.0465116279069767,50.0,0.2575757575757575,False,0.303030303030303,0,False,False,False,False
16,Stellar,XLM,6822048325.44,0.1946,35056964448.0,121933584.41,0.0023,0.0134,-0.0969999999999999,2026-10-10 12:00:00,0.0,,0.0135416666666665,0.0137014367352719,,1.0,1.479220041178449e-10,1.4792200410690442e-10,-0.0969837587006962,-0.1162579473206177,0.0077679958570686,0.0920314253647582,0.0135416666666665,-0.0284573140289566,-0.0829406220546655,-0.0974025974025976,-0.1304736371760502,-0.0990740740740742,-0.0969837587006962,-0.1118210862619809,-0.1400795404330537,-0.1250000000000002,-0.1626506024096387,-0.0994909763998149,-0.1015697137580794,-0.1162579473206177,-0.1011547344110855,-0.0375865479723046,-0.0994909763998148,-0.0957249070631971,-0.0136847440446022,-0.0081549439347606,-0.0192741886199215,0.1047517545577648,0,XLMUSDT,1.0,1.0,XLMUSDT,2026-10-09,pseudo_intraday_market_cap,1,0.3,True,16.0,12.0,12.0,6941985637.283955,16.0,0.0176854660428769,30.0,0.5606060606060606,False,-0.0039249232627183,35.0,0.4848484848484848,False,-0.0833333333333333,65.0,0.0303030303030303,False,-0.0833333333333333,58.0,0.1363636363636363,False,0.303030303030303,0,False,False,False,False
91,Pudgy Penguins,PENGU,516441287.95,0.008216,62860396090.0,150899014.37,0.009,0.0358,-0.0803,2026-10-10 12:00:00,0.0,,0.03593493884756,0.0358414344175039,,1.0,2.402949045086273e-10,2.402949044797565e-10,-0.0802641889622748,-0.2007782101167314,0.035282258064516,0.1333977100289693,0.03593493884756,-0.0549804462847942,-0.0994190507508494,-0.1497464555521059,-0.1424694708276798,-0.1120717605101049,-0.0802641889622748,-0.1306740027510315,-0.1447012283989174,-0.1741053478086048,-0.1318681318681319,-0.2015549076773567,-0.1708547784842062,-0.2007782101167314,-0.1541233398538042,-0.1575061525840854,-0.1808574277168495,-0.0633834929320565,0.0462243728511395,0.0325499560135729,-0.1205140211544566,0.1155464470267908,0,PENGUUSDT,1.0,1.0,PENGUUSDT,2026-10-09,pseudo_intraday_market_cap,1,0.3,True,91.0,61.0,63.0,524564800.4662237,91.0,0.0304304799604158,20.0,0.7121212121212122,True,-0.0345387111729252,56.0,0.1666666666666666,False,-0.0327868852459016,50.0,0.2575757575757575,False,-0.1311475409836066,64.0,0.0454545454545454,False,0.2954545454545454,1,False,False,False,False
39,Pump.fun,PUMP,2529362091.74,0.005458,463411887799.0,206266271.06,0.0013,-0.0138,0.0141999999999999,2026-10-10 12:00:00,0.0,,-0.0137332851463678,-0.0141785969877891,,1.0,1.6973784936561163e-10,1.6973784935120615e-10,0.0141211445559272,0.3013829279923701,0.2854451248233631,0.5241552638927676,-0.0137332851463678,-0.1237758869802535,-0.1159701976028505,-0.1556311881188118,-0.1636530799877412,-0.1304763422016884,0.0141211445559272,-0.0647703906785469,-0.0736591989137812,-0.0712948783392887,0.1095751168936778,0.055705996131528,0.2415832575068244,0.3013829279923701,0.4165585258240332,0.3638180909545225,0.2199374161823872,0.2464032884220139,0.2927522501184274,0.2806194274988267,0.2872617834364428,0.2713239802674358,0,PUMPUSDT,1.0,1.0,PUMPUSDT,2026-10-09,pseudo_intraday_market_cap,1,0.3,True,39.0,24.0,23.0,2654045691.277852,39.0,-0.000349162011173,54.0,0.1969696969696969,False,-0.0557387862796833,65.0,0.0303030303030303,False,-0.0416666666666666,56.0,0.1666666666666666,False,0.0416666666666667,17.0,0.7575757575757576,True,0.2878787878787878,1,False,False,False,False
80,VeChain,VET,675864150.63,0.00786,85985041177.0,16713142.55,0.0048,0.0419,-0.0821,2026-10-10 12:00:00,0.0,,0.0418875927889714,0.0418582024951672,,1.0,2.154910994719398e-09,2.1549109923975764e-09,-0.0822045773003269,-0.1743697478991596,-0.0011437285550893,0.0768598438142214,0.0418875927889714,-0.026142981043241,-0.0861527729333796,-0.1032515687393038,-0.1124661246612462,-0.1003777040173971,-0.0822045773003269,-0.1069196682195203,-0.1122656426473909,-0.101508916323731,-0.115562056937099,-0.1454664057403781,-0.1566523605150214,-0.1743697478991596,-0.1528346626428108,-0.106310403638431,-0.1542930923176242,-0.1573756432246996,-0.0676156583629893,-0.1062087787127585,-0.0921651705988326,0.0810608487452375,0,VETUSDT,1.0,1.0,VETUSDT,2026-10-09,pseudo_intraday_market_cap,1,0.3,True,80.0,53.0,54.0,675088385.1210508,80.0,0.012540400775695,39.0,0.4242424242424242,False,-0.0098609355246522,42.0,0.3787878787878788,False,-0.0377358490566037,53.0,0.2121212121212121,False,-0.0943396226415094,60.0,0.106060606060606,False,0.2803030303030303,0,False,False,False,False
72,PancakeSwap,CAKE,785118354.29,2.1954,357615893.0,40269168.79,0.0039,0.0206,-0.1188,2026-10-10 12:00:00,0.0,,0.0205941146390218,0.1465860634280966,,1.0,6.270534107053248e-10,6.270534105087268e-10,-0.118808701934655,-0.2110540122902217,-0.09224726069878,0.0036114285714283,0.0205941146390218,-0.0253496115427303,-0.081345719307055,-0.1092627906033189,-0.1239774949124137,-0.1310508608747277,-0.118808701934655,-0.1433922509657027,-0.1539232310775395,-0.1391938519447928,-0.1533359043578864,-0.2247607613263179,-0.1996354356543929,-0.2110540122902217,-0.1994895168641749,-0.1427567356501364,-0.1459249173312583,-0.1387886395731993,-0.1452598793069883,-0.086430027880654,-0.0922453103555666,0.026561441235875,0,CAKEUSDT,1.0,1.0,CAKEUSDT,2026-10-09,pseudo_intraday_market_cap,1,0.3,True,72.0,47.0,48.0,782684655.6032279,72.0,0.0020619501466276,50.0,0.2575757575757575,False,-0.0278716216216216,52.0,0.2272727272727272,False,-0.0425531914893616,57.0,0.1515151515151515,False,-0.0212765957446808,40.0,0.4090909090909091,False,0.2613636363636363,0,False,False,False,False
23,Uniswap,UNI,4578777641.98,7.3262,624988422.0,542626263.26,0.0059,0.0342,-0.1819,2026-10-10 12:00:00,0.0,,0.0341897233201582,0.0341237432390124,,1.0,4.8400534894057946e-11,4.8400534892886645e-11,-0.1818506689299353,-0.2389391562698024,-0.1707753254102999,0.2218682766557154,0.0341897233201582,-0.0750681749318248,-0.1442454824730465,-0.1929008945489797,-0.1936293393796641,-0.1905466920051265,-0.1818506689299353,-0.1839467118160754,-0.1738144911192555,-0.1752653915862704,-0.1679216781946004,-0.2436377902354919,-0.2444568199162592,-0.2389391562698024,-0.1988057873382834,-0.2080896738836701,-0.2866407010710806,-0.1836648281241294,-0.1614933846083411,-0.1536862047455118,-0.0570884873398671,0.0110753435196353,0,UNIUSDT,1.0,1.0,UNIUSDT,2026-10-09,pseudo_intraday_market_cap,1,0.3,True,23.0,17.0,16.0,4773419501.829067,23.0,0.0334688346883469,19.0,0.7272727272727273,True,-0.0191615226337448,47.0,0.303030303030303,False,-0.1764705882352941,67.0,0.0,False,-0.1764705882352941,67.0,0.0,False,0.2575757575757575,1,False,False,False,False
49,Sky,SKY,1783310796.45,0.07613,23424217642.0,16614088.26,-0.0015,-0.0015,-0.1226,2026-10-10 12:00:00,0.0,,-0.001442812172088,-0.001530616225296,,1.0,1.4816607980394615e-09,1.4816607969418023e-09,-0.12262302639161,-0.0053566762477136,0.0966580236243159,0.2358766233766234,-0.001442812172088,-0.0495630461922597,-0.1486244687989264,-0.1288476942441926,-0.2194996924338733,-0.1616562052637375,-0.12262302639161,-0.0965942802895455,-0.0198274752156559,-0.0686322485931,-0.0342509197006216,-0.076988360814743,-0.025224071702945,-0.0053566762477136,0.0405959540732638,0.0878822520720206,0.0976066897347174,0.0797050063820734,0.0736144408405021,0.0972902853848372,0.1172663501438964,0.219281050015926,0,SKYUSDT,1.0,1.0,SKYUSDT,2026-10-09,pseudo_intraday_market_cap,1,0.3,True,49.0,30.0,30.0,1816352428.8152368,49.0,0.0068849051701738,44.0,0.3484848484848485,False,-0.0238035264483628,50.0,0.2575757575757575,False,-0.0666666666666666,61.0,0.0909090909090909,False,-0.0333333333333333,46.0,0.3181818181818182,False,0.2537878787878788,0,False,False,False,False
18,Bitcoin Cash,BCH,5558697684.58,276.54,20100597.0,244328033.2,0.0011,0.0245,-0.1117,2026-10-10 12:00:00,0.0,,0.0244878301781943,0.0245249023242681,,1.0,1.2256985225615771e-10,1.22569852248646e-10,-0.1116893129035366,-0.1939019413513673,0.0840029791070513,0.2128415420376292,0.0244878301781943,-0.0786913646055438,-0.1133412421045881,-0.1268628441525638,-0.1325051759834368,-0.1350286196865909,-0.1116893129035366,-0.1061188867698872,-0.0959199686151431,-0.1011798355380766,-0.1090276435337329,-0.1691503425069103,-0.176670239371204,-0.1939019413513673,-0.1815195193417588,-0.1805250992710249,-0.1988991888760141,0.0356915471330658,0.0942978117209445,0.0834933197508127,-0.0822126284478306,0.195692292010588,0,BCHUSDT,1.0,1.0,BCHUSDT,2026-10-09,pseudo_intraday_market_cap,1,0.3,True,18.0,13.0,13.0,5647818710.755996,18.0,0.0112748099852311,40.0,0.4090909090909091,False,-0.0510731789758324,61.0,0.0909090909090909,False,-0.0769230769230768,64.0,0.0454545454545454,False,-0.0769230769230768,56.0,0.1666666666666666,False,0.178030303030303,0,False,False,False,False
82,ether.fi,ETHFI,648840415.11,0.6721,965350000.0,51513512.83,0.0023,-0.0091,-0.0377,2026-10-10 12:00:00,0.0,,-0.0091404983045849,-0.0090984383141421,,1.0,7.304304364938881e-10,7.304304362271238e-10,-0.037795275590551,-0.0662684078910806,-0.0736044107512061,-0.0038535645472058,-0.0091404983045849,-0.0701438848920862,-0.1382228490832158,-0.0924925735889817,-0.0993031358885014,-0.0724537675959148,-0.037795275590551,-0.0734767025089604,-0.1418539325842696,-0.1303053830227742,-0.0528466741826378,-0.066787003610108,-0.0791889299904093,-0.0662684078910806,-0.0103077602709467,0.0347959969207083,-0.051643854945675,-0.0602628635346754,-0.0720695844263425,-0.1044636908727513,-0.0284731323005296,-0.035809135160655,0,ETHFIUSDT,1.0,1.0,ETHFIUSDT,2026-10-09,pseudo_intraday_market_cap,1,0.3,True,82.0,55.0,56.0,655226258.7421592,82.0,-0.0384779213403378,63.0,0.0606060606060606,False,-0.0688849168156193,66.0,0.0151515151515151,False,-0.0181818181818181,42.0,0.3787878787878788,False,-0.0545454545454545,51.0,0.2424242424242424,False,0.1742424242424242,0,False,False,False,False
10,Zcash,ZEC,20419781136.63,1207.62,16909082.0,958315635.02,-0.0034999999999999,0.0184,-0.0728,2026-10-10 12:00:00,0.0,,0.0184268450036684,0.0185241099226602,,1.0,3.296496920672686e-11,3.296496920618352e-11,-0.0727662220993712,-0.2223703274413213,-0.2247863961124412,0.0380717423259093,0.0184268450036684,-0.0897839817899512,-0.1164294860069508,-0.0963566024887945,-0.1073247536608984,-0.0732785413357277,-0.0727662220993712,-0.0945000562366439,-0.1592731829573935,-0.1472995205581014,-0.1859326969745997,-0.2405622111121592,-0.2683130763544709,-0.2223703274413213,-0.2186319167658781,-0.1940119200966422,-0.2581457637114212,-0.1795279442338265,-0.1996261979560184,-0.1776506639427987,-0.1496041053419501,-0.15202017401307,0,ZECUSDT,1.0,1.0,ZECUSDT,2026-10-09,pseudo_intraday_market_cap,1,0.3,True,10.0,7.0,7.0,20870444212.011543,10.0,-0.0015885623510722,56.0,0.1666666666666666,False,-0.0056503559724262,37.0,0.4545454545454545,False,-0.1428571428571429,66.0,0.0151515151515151,False,-0.1428571428571429,65.0,0.0303030303030303,False,0.1666666666666666,0,False,False,False,False
66,Algorand,ALGO,1038891625.26,0.1145,9070602635.0,110021647.46,0.0126,-0.0232,-0.1008,2026-10-10 12:00:00,0.0,,-0.0238704177323102,-0.0232063819112873,,1.0,2.4408914592202405e-10,2.4408914589223433e-10,-0.1012558869701726,-0.0163230240549828,0.1696802533455919,0.2265666845206211,-0.0238704177323102,-0.0361952861952861,-0.0728744939271254,-0.1033672670321065,-0.1358490566037736,-0.1292775665399239,-0.1012558869701726,-0.0645424836601306,-0.0766129032258063,-0.0861931364724659,-0.1580882352941175,-0.0418410041841001,-0.0321217244294167,-0.0163230240549828,0.0105913503971755,0.0977948226270373,0.0214094558429973,0.0186832740213522,0.0533578656853725,0.0915157292659676,0.0849328629151897,0.2709361403157645,0,ALGOUSDT,1.0,1.0,ALGOUSDT,2026-10-09,pseudo_intraday_market_cap,1,0.3,True,66.0,41.0,41.0,1072831655.644979,66.0,-0.0047145984172418,58.0,0.1363636363636363,False,-0.0545425463851567,64.0,0.0454545454545454,False,-0.073170731707317,62.0,0.0757575757575757,False,-0.024390243902439,42.0,0.3787878787878788,False,0.1590909090909091,0,False,False,False,False
81,Dash,DASH,658749735.23,51.24,12856709.0,61410024.51,0.0033,0.0144,-0.1306,2026-10-10 12:00:00,0.0,,0.0144525836468027,0.0144501073581824,,1.0,2.8725921258080025e-10,2.8725921253954136e-10,-0.1306413301662707,-0.1978710081402631,-0.1917981072555206,-0.0996309963099632,0.0144525836468027,-0.048821236309634,-0.0810616929698706,-0.1157894736842104,-0.1418522860492379,-0.1369378473976754,-0.1306413301662707,-0.1200412158681092,-0.1523573200992557,-0.1561264822134387,-0.2187833511205977,-0.2525164113785558,-0.2866490324377002,-0.1978710081402631,-0.1931979215871516,-0.1111882046834344,-0.2007487131492746,-0.1334348046676815,-0.1099531005732152,-0.1267893660531698,-0.0672296779739923,-0.0611567770892498,0,DASHUSDT,1.0,1.0,DASHUSDT,2026-10-09,pseudo_intraday_market_cap,1,0.3,True,81.0,54.0,55.0,661837624.6138906,81.0,-0.0013589594253543,55.0,0.1818181818181818,False,-0.0493439290334504,59.0,0.1212121212121212,False,-0.074074074074074,63.0,0.0606060606060606,False,-0.1296296296296296,63.0,0.0606060606060606,False,0.106060606060606,0,False,False,False,False
42,MemeCore,M,2333992627.6,1.0216,2284533677.0,1728942.61,-0.0021,-0.0395,-0.0332,2026-10-10 12:00:00,0.0,,-0.0394885295223769,-0.0393048106439686,,1.0,1.4823944667677092e-08,1.4823944557802426e-08,-0.0332166177723098,-0.1576517150395777,-0.2166244919868107,-0.1386172006745362,-0.039488529522377,-0.011609907120743,-0.0301879627871654,0.0060068931560806,-0.0237935977066411,-0.0100775193798449,-0.0332166177723098,-0.0272329080175203,-0.0175978459467256,-0.0036086998927143,-0.1138098542678696,-0.1181700474751834,-0.1648818768903784,-0.1576517150395777,-0.1590385248600592,-0.1659046374918353,-0.2199144777031153,-0.2939387656368787,-0.3081403223621832,-0.3225464190981431,-0.1244350972672678,-0.1834078742145009,0,MUSDT,1.0,1.0,MUSDT,2026-10-09,pseudo_intraday_market_cap,1,0.3,True,42.0,26.0,26.0,2284420698.44377,42.0,-0.017005799665782,62.0,0.0757575757575757,False,-0.0535680484573158,63.0,0.0606060606060606,False,-0.0384615384615384,54.0,0.1969696969696969,False,-0.1538461538461538,66.0,0.0151515151515151,False,0.0871212121212121,0,False,False,False,False
1,Bitcoin,BTC,1658842630216.25,82546.32,20095900.0,24521046869.08,0.0,0.0107,-0.0231,2026-10-10 12:00:00,0.0,,0.0106515546607501,0.0106742353013922,,1.0,4.5188446391156023e-13,4.518844639114581e-13,-0.0230882179423437,-0.0177140645817235,0.0203316479084556,0.0696159926835267,0.0106515546607501,-0.0087613551718963,-0.0351954871083277,-0.037771288029982,-0.0454900080723574,-0.0261581684020422,-0.0230882179423437,-0.0271855712991038,-0.0120584509271562,-0.0128686765022251,-0.0114522168828012,-0.0226356081028596,-0.0220377708101686,-0.0177140645817235,-0.0217203178134477,-0.0217661114482639,-0.0420780325181134,-0.0468412666502774,0.0172992956475028,0.0161588149151932,0.0053741533606201,0.0434198658507993,0,BTCUSDT,1.0,1.0,BTCUSDT,2026-10-09,pseudo_intraday_market_cap,1,0.3,False,1.0,,,,1.0,,,,False,,,,False,,,,False,,,,False,,0,False,False,False,False
